WT residue type,chain ID,Residue #,G,A,V,L,I,M,F,W,P,S,T,C,Y,N,Q,D,E,K,R,H
V,A,27,3.3306,2.28728,-0.0005,1.05037,-0.69997,0.63054,3.86442,4.58564,6.79519,2.68107,2.00759,1.24637,5.02986,2.77569,4.11834,3.49579,2.9393,1.91223,3.46301,3.83663
R,A,29,1.15322,0.52648,-0.01656,-0.07923,0.2574,-0.50178,-0.29466,0.23114,1.67332,0.67531,0.35618,0.52977,-0.42464,0.83789,-0.18111,1.2742,0.59691,-0.35454,-0.01944,0.5877
G,A,30,0,2.5781,5.34363,3.56319,5.58498,2.21441,3.79377,3.40044,4.20198,2.32367,5.01216,2.48238,3.8012,2.17454,3.80713,2.11834,3.75414,3.69952,3.33716,3.21881
S,A,62,0.9484,-0.18152,-0.15493,-1.0727,-0.85939,-1.83086,2.10454,4.0195,-1.53007,-0.00108,-0.83089,0.36317,1.03961,0.99046,0.11919,-0.81353,-1.26197,0.42341,1.06316,3.53822
F,A,97,5.36262,4.72579,3.9365,3.59179,3.60233,1.66955,-0.04568,1.23854,8.14273,5.12712,4.37263,4.41567,1.27271,4.60962,4.84259,7.03812,5.95121,4.22754,4.16212,2.94252
D,A,173,0.29371,0.4341,0.35585,-0.26641,0.56875,-1.4546,-1.97637,-0.09384,3.0065,-0.61782,1.57738,-1.1902,-0.8398,-1.31304,-0.17636,-0.05185,0.77455,0.05247,-1.08085,-0.24922
R,A,178,2.86454,1.30426,-0.53057,0.69026,2.96779,0.05527,0.42604,2.77901,4.73852,1.92703,1.69866,1.31616,1.01578,2.59068,1.54374,2.5266,2.48467,1.46651,0,2.50292
D,A,189,2.14865,0.98808,1.00298,0.57943,0.52201,0.61364,0.52298,0.3952,0.19101,1.69758,1.38796,1.24363,0.83617,0.48473,0.8082,-0.02234,0.72072,0.96675,1.49016,1.81076
V,A,193,0.06909,-0.04873,-0.00027,-0.37839,-0.26269,-0.44894,-0.53592,-0.41078,-1.11783,0.04588,0.03913,0.08154,-0.06129,0.1265,-0.16779,-0.32145,-0.5082,-0.1531,-0.08184,0.33875
T,A,196,0.69589,0.17884,-0.64298,-1.25318,-1.311,-1.58748,-1.68023,-0.99781,1.7893,0.43737,0.00078,-0.02868,-1.24926,0.6096,-0.2049,1.14104,0.04321,-0.72908,-0.64783,0.33631
I,A,223,5.42513,3.88353,1.51021,0.23905,-0.00791,-0.2102,8.34366,14.49356,8.02559,4.20833,3.50511,3.65726,11.33554,4.20213,3.93356,6.23102,5.73401,4.10931,5.20066,9.47718
,,,,,,,,,,,,,,,,,,,,,,
,Total-side,,,,,,,,,,,,,,,,,,,,,
RES,REL,,,,,,,,,,,,,,,,,,,,,
VA27 ,2.8,,,,,,,,,,,,,,,,,,,,,
RA29 ,34.9,,,,,,,,,,,,,,,,,,,,,
GA30 ,64.6,,,,,,,,,,,,,,,,,,,,,
SA62   ,31,,,,,,,,,,,,,,,,,,,,,
FA97 ,5.2,,,,,,,,,,,,,,,,,,,,,
DA173,18.5,,,,,,,,,,,,,,,,,,,,,
RA178  ,11,,,,,,,,,,,,,,,,,,,,,
DA189 ,36.3,,,,,,,,,,,,,,,,,,,,,
VA193 ,86.2,,,,,,,,,,,,,,,,,,,,,
TA196,38.5,,,,,,,,,,,,,,,,,,,,,
IA223,0.2,,,,,,,,,,,,,,,,,,,,,
